iter	MultiClass
0	1.016302225
1	0.9535708808
2	0.9039436179
3	0.8644729915
4	0.8308443746
5	0.8037805351
6	0.7809468944
7	0.7591438187
8	0.7410351162
